{
  "name": "Primera División 2015/16",
  "clubs": [
    {
      "name": "RCD Espanyol",
      "code": "ESP",
      "country": "Spain"
    },
    {
      "name": "Sevilla FC",
      "code": "SEV",
      "country": "Spain"
    },
    {
      "name": "Getafe CF",
      "code": "GET",
      "country": "Spain"
    },
    {
      "name": "RC Celta Vigo",
      "code": "CEL",
      "country": "Spain"
    },
    {
      "name": "Málaga CF",
      "code": "MAG",
      "country": "Spain"
    },
    {
      "name": "Levante UD",
      "code": "LEV",
      "country": "Spain"
    },
    {
      "name": "Atlético Madrid",
      "code": "ATL",
      "country": "Spain"
    },
    {
      "name": "Real Madrid",
      "code": "RMD",
      "country": "Spain"
    },
    {
      "name": "Valencia CF",
      "code": "VAL",
      "country": "Spain"
    },
    {
      "name": "FC Barcelona",
      "code": "BAR",
      "country": "Spain"
    },
    {
      "name": "Real Sociedad",
      "code": "RSO",
      "country": "Spain"
    },
    {
      "name": "Athletic Club Bilbao",
      "code": "ATH",
      "country": "Spain"
    },
    {
      "name": "Real Betis",
      "code": "BET",
      "country": "Spain"
    },
    {
      "name": "RCD La Coruña",
      "code": "DEP",
      "country": "Spain"
    },
    {
      "name": "Rayo Vallecano",
      "code": "RAY",
      "country": "Spain"
    },
    {
      "name": "Granada CF",
      "code": "GRA",
      "country": "Spain"
    },
    {
      "name": "Villarreal CF",
      "code": "VLL",
      "country": "Spain"
    },
    {
      "name": "UD Las Palmas",
      "code": null,
      "country": "Spain"
    },
    {
      "name": "Sporting Gijón",
      "code": null,
      "country": "Spain"
    },
    {
      "name": "SD Eibar",
      "code": null,
      "country": "Spain"
    }
  ]
}