{
  "name": "Serie A 2015/16",
  "clubs": [
    {
      "name": "UC Sampdoria",
      "code": "SAM",
      "country": "Italy"
    },
    {
      "name": "Juventus",
      "code": "JUV",
      "country": "Italy"
    },
    {
      "name": "Hellas Verona FC",
      "code": "HEL",
      "country": "Italy"
    },
    {
      "name": "AC Milan",
      "code": "MIL",
      "country": "Italy"
    },
    {
      "name": "SSC Napoli",
      "code": "NAP",
      "country": "Italy"
    },
    {
      "name": "Bologna FC",
      "code": "BOL",
      "country": "Italy"
    },
    {
      "name": "AC Chievo Verona",
      "code": "CHI",
      "country": "Italy"
    },
    {
      "name": "Atalanta BC",
      "code": "ATA",
      "country": "Italy"
    },
    {
      "name": "FC Internazionale Milano",
      "code": "INT",
      "country": "Italy"
    },
    {
      "name": "Genoa CFC",
      "code": "GEN",
      "country": "Italy"
    },
    {
      "name": "Torino FC",
      "code": "TOR",
      "country": "Italy"
    },
    {
      "name": "US Sassuolo Calcio",
      "code": "SAS",
      "country": "Italy"
    },
    {
      "name": "AS Roma",
      "code": "ROM",
      "country": "Italy"
    },
    {
      "name": "SS Lazio",
      "code": "LAZ",
      "country": "Italy"
    },
    {
      "name": "Udinese Calcio",
      "code": "UDI",
      "country": "Italy"
    },
    {
      "name": "ACF Fiorentina",
      "code": "FIO",
      "country": "Italy"
    },
    {
      "name": "Empoli",
      "code": "EMP",
      "country": "Italy"
    },
    {
      "name": "Palermo",
      "code": "PAL",
      "country": "Italy"
    },
    {
      "name": "Carpi",
      "code": null,
      "country": "Italy"
    },
    {
      "name": "Frosinone",
      "code": null,
      "country": "Italy"
    }
  ]
}